{
    "мНЛЕП КСВЬЕИ ОНОШРЙХ": 14,
    "кСВЬХИ КНЯЯ": 0.02417980601049719,
    "кСВЬХЕ ОЮПЮЛЕРПШ": {
        "lr": 0.000746242532647897,
        "num_layers": 3,
        "hidden_size": 96,
        "batch_size": 32
    }
}