{
    "features": [
        "m1cur",
        "m2cur",
        "m3cur"
    ],
    "best_trial": 36,
    "best_loss": 0.01764939927243278,
    "params": {
        "lr": 0.0007035897991972668,
        "num_layers": 4,
        "hidden_size": 128,
        "batch_size": 64,
        "weight_decay": 8.993058976270267e-09
    },
    "best_model_path": "C:\\Users\\User\\Documents\\MyPythonProjects\\inputNN\\Currents_to_Slippage\\Seeking_for_best_features_05-05-2026_18-18-28\\feat_count_m1cur_m2cur_m3cur\\MLP_36_3-128-128-128-128-3_Adam_0.0007035897991972668_MSELoss_Batch_64\\MLPconfig.pth"
}