{
    "мНЛЕП КСВЬЕИ ОНОШРЙХ": 19,
    "кСВЬХИ КНЯЯ": 0.046938581644527376,
    "кСВЬХЕ ОЮПЮЛЕРПШ": {
        "lr": 0.0012264910806071142,
        "num_layers": 2,
        "hidden_size": 64,
        "batch_size": 128,
        "weight_decay": 0.0001443888405029626
    }
}