{
    "features": [
        "m1vel",
        "m2vel",
        "m3vel"
    ],
    "best_trial": 19,
    "best_loss": 0.0006207746378357697,
    "params": {
        "lr": 0.00010655915487307839,
        "num_layers": 1,
        "hidden_size": 96,
        "batch_size": 32,
        "weight_decay": 2.0746307528027574e-06
    },
    "best_model_path": "C:\\Users\\User\\Documents\\MyPythonProjects\\inputNN\\Slippage_to_DeltaCoords\\Seeking_for_best_features_18-05-2026_11-55-46\\feat_count_m1vel_m2vel_m3vel\\MLP_19_3-96-3_Adam_0.00010655915487307839_MSELoss_Batch_32\\MLPconfig.pth"
}